LeftFoot-pelvic-distance,RightFoot-pelvic-distance,LeftHand-leftShoulder-distance,RightHand-rightShoulder-distance,LeftHand-rightHand-distance,LeftHand-Head-distance,RightHand-Head-distance,Neck-height,LeftToe-leftAnkle-distance,RightToe-rightAnkle-distance,LeftAnkle-rightAnkle-distance,LeftElbow-rightElbow-distance,LeftElbow-neck-distance,RightElbow-neck-distance,LeftKnee-rightKnee-distance,LeftEar-leftShoulder-distance,RightEar-rightShoulder-distance,UpperBody-area,LowerBody-area,HeadFacingX-coordinate,HeadFacingY-coordinate,HeadFacingZ-coordinate,UpperBodyX coordinate,UpperBodyY coordinate,UpperBodyZ coordinate,Head-speed,Head-acceleration,LeftEar-speed,LeftEar-acceleration,RightEar-speed,RightEar-acceleration,Neck-speed,Neck-acceleration,LeftShoulder-speed,LeftShoulder-acceleration,RightShoulder-speed,RightShoulder-acceleration,LeftElbow-speed,LeftElbow-acceleration,RightElbow-speed,RightElbow-acceleration,LeftHand-speed,LeftHand-acceleration,RightHand-speed,RightHand-acceleration,Pelvic-speed,Pelvic-acceleration,LeftButt-speed,LeftButt-acceleration,RightButt-speed,RightButt-acceleration,LeftKnee-speed,LeftKnee-acceleration,RightKnee-speed,RightKnee-acceleration,LeftAnkle-speed,LeftFoot-acceleration,RightAnkle-speed,RightFoot-acceleration,LeftToe-speed,LeftFoot-acceleration,RightToe-speed,RightFoot-acceleration,Head-energy,LeftHand-energy,RightHand-energy,Body-energy,leftLeg-energy,rightLeg-energy,Head-smoothness,LeftHand-smoothness,RightHand-smoothness,Body-smoothness,LeftLeg-smoothness,RightLeg-smoothness,UpperBody-symmetryX,UpperBody-symmetryY,UpperBody-symmetryZ,Head-speedZ,Neck-speedZ
0.9669245593039615,0.8969662361345937,0.431312324388731,0.41879760537161625,0.2793275820430198,0.5366195999672392,0.4498363875688582,-1.4543313800000002,0.21994659198416786,0.22348266897236482,0.22073690551615968,0.46285777340453077,0.41349609054825415,0.34192074426347696,0.21235211201796417,0.25246876441484795,0.17453717518626216,0.10066173085024992,0.08773163764683696,0.8755658499119752,0.264632667131701,0.4041707485143908,-0.5008338841729228,-0.05886679050567199,-0.8635392993024837,0.4191452548222401,3.4377877570507525,0.29968760780626263,2.6408296587247406,0.23863545647703122,2.8295116932784614,0.0265554350775893,3.2008106474004365,0.1860197167975488,5.187609777121106,0.1422045224597301,8.520644353594868,0.12989242786244323,8.26678771898634,0.11312338580505733,8.99963708503494,2.5748274025205196,59.561496530068986,0.3727634424135503,53.412455281003645,0.05274019653205702,15.964622504203454,0.23616358774884488,13.846372350072174,0.2914970072041219,18.29407510156839,0.16588521518495894,12.075794884815341,0.37806276096880986,23.34192379124659,0.14486890815721087,18.075373085853393,0.6559952041253766,17.397807578606166,0.20146994349172764,8.5494152393063,1.5637615811601953,40.98321492187249,0.16122114400032095,3.3233040977932826,0.07587474220800004,0.0991753674815232,0.04454752164909123,1.509305720889744,0.1366250724779885,0.2519820340134565,0.008060578336288655,0.02637451182879278,0.013315228892077546,0.4536545046909678,1.0,1.0,1.0,0.32728800000000025,0.014289599999999986
0.9592234020741999,0.9166760681120132,0.433878557641375,0.41262877922534685,0.2560716684250719,0.53674571124975,0.4697737878819976,-1.471181645,0.21994778719699834,0.2234837302420695,0.21179694898473422,0.4672668800599931,0.40988811028485567,0.3478242924844238,0.17775412419114217,0.24833151609097057,0.17372568805447286,0.10066728578716387,0.08656462373517679,0.910760532005946,0.1922773247835878,0.3654376605035572,-0.5749502720006797,-0.024411946616855768,-0.8178240896358581,0.5253376336947518,22.3902254718595,0.29799681472123146,13.859237042494392,0.3114709135441079,12.707111705157962,0.12664066734884152,2.4613972863688223,0.28128443985233204,10.52829009132254,0.44506574859901343,13.636729687675114,0.09172222273800042,4.629280465738035,0.22033312379213513,5.130901599256002,0.2922067810301458,55.88634090501059,0.28910492545095146,5.336962805131792,0.8677919464483634,22.051003747743486,0.6888991506292939,15.785528767121209,1.1113358453914097,33.22666462489065,0.3295164586175309,6.070948377327524,1.496084332107732,44.870783781502226,0.13464766063767986,4.86107394889591,0.7779707460366936,34.064951241711626,0.36662154618982506,7.030387098985897,1.0990741968458921,61.35551207330106,0.2308979304720012,0.04689888451199947,0.06606417168000027,1.3699583599946408,0.1305612235728284,2.0257354503197855,0.1454351460290827,0.005816492389323921,0.03450937390482327,2.9400717645547934,0.0763787694075988,1.6248485930796213,1.0,1.0,1.0,-0.36516000000000015,0.029601599999999978
0.950375380473153,0.9168314887525515,0.4298973548119248,0.4170525677909201,0.5204822406877683,0.559076232850369,0.5323480095820778,-1.4639013,0.21994717592087884,0.22348357022967036,0.22696248051715504,0.4999600358798691,0.4157303590384637,0.35659900678107637,0.1637077893835232,0.2515170262804489,0.17368468666235373,0.1006539852051135,0.09319628455368655,0.9359346048404323,0.12349108759156177,0.3298126236935706,-0.5869131567951952,-0.018716013751080986,-0.809433540946981,0.49553534629126195,7.907815873061294,0.412694708346207,6.710344796724047,0.2930352166685778,7.616619517391201,0.04991166415017528,4.124394397986971,0.12490563894396482,5.824799675047728,0.043550921367982005,10.67252686819389,0.2581083366960479,5.2700692460148595,0.5419713881746884,12.090544488590709,3.373460587668538,86.00365223110651,3.503393755226495,90.24733715839909,0.0744269539304141,19.10907732041479,0.19558372591891823,18.65109606532208,0.2925172467530756,19.946372846094484,0.10892411305932231,9.480774918125395,0.32284684500239397,28.216484480398112,0.8938404709745463,22.700600733280453,0.09387735100988717,18.066658981346727,0.6911831708559998,25.042553260613353,0.18466841289186323,23.452795273407833,0.250870919964481,5.723428125012479,6.283750394880001,0.07342840317784324,0.6442747128161564,0.07357273254031652,0.0800027985345631,2.302252577394339,3.783622168307104,0.019287755609756353,0.4226061110805325,0.02896524340079908,0.8520605783300639,1.0,1.0,-0.37096799999999996,-0.032116799999999945
0.9244948722139512,0.8947562655818009,0.3136055936761333,0.39706025826063224,0.22211478584281602,0.5181676220800466,0.519022175343106,-1.39038625,0.21994783806368728,0.22348314451405502,0.2016776081249478,0.447958507955815,0.40447759572396585,0.3416848921515846,0.13955549450308286,0.28235851355057456,0.18097339929669223,0.10044493481716223,0.07774237239086194,0.9857835765488472,0.07714934630594614,0.14926057272812596,-0.4701019538212892,-0.048121465849904954,-0.8812993121169805,2.6649831202048238,63.4126153969735,2.0929033848280363,54.41674293479006,2.6676138012058632,65.00164279548434,2.4549392910601764,59.7938318675636,3.1086179323860317,75.70067577805294,2.270327231391986,54.33624215216714,2.1681291691852698,55.59587176051183,1.2066014500239928,38.689473483801265,4.628163572292336,190.7148489629617,3.2744798165204805,162.0949277248372,2.951421224628866,71.81935641080656,3.2456727415402646,79.33545111701777,3.0828893045842567,72.13863042245038,4.26854725447249,99.89531944355895,3.6997958197279144,90.8205602609582,4.130810977777761,101.30977878989204,4.577861075985736,108.7422510211334,4.042400967161807,107.02798539944965,4.382743398421478,102.25695675723102,9.299271500792642,13.060341073082883,6.089052564000001,21.783688220919633,25.81255028855231,26.926870417554237,2.0891372025894803,2.0205617144575023,0.9090531183529432,17.995675511746583,33.979311077027596,18.464821881540644,0.7311694860862791,1.0,1.0,-1.2925992,0.4315752
0.9564955632004241,0.8874688722051045,0.25908417275348955,0.4492166478254786,0.394824441362753,0.4961615427372824,0.5311742683779873,-1.3982427899999998,0.21994646881265992,0.22348315524942816,0.30188267432088584,0.5201721961784289,0.4209720208075785,0.3242775241211737,0.1946297314543695,0.3197188847898259,0.20365818630725346,0.10066756636773944,0.12163608639662697,0.958058083429334,0.21751158684390262,0.18658354258711726,-0.22495982585417232,0.19030053710019157,-0.9556038835893454,1.7555576415986325,101.88425968326608,1.6321977289294842,86.50475174535767,1.7357043632139668,104.2983481415882,1.8339854695761069,98.40187110026933,1.1728893333968715,91.1269244308379,3.048639235497333,113.00048668626569,2.173199493760295,83.70003409869766,1.2638772475080964,51.76098184114198,2.241317563467203,105.28148051400275,4.016864037035856,173.07072687243303,1.0335253745506203,51.44769905319501,1.749078394788936,63.388987745081174,2.1697565785534554,93.89387016466148,1.4096395078231883,84.85082318760294,2.9307787428954786,111.97357067923998,2.6887748817274835,71.81219379064764,3.7977842199662475,133.6243485222996,7.2905319507511415,185.20022229100152,5.745252674679421,148.5107208293353,4.37936084788896,4.873150229993282,8.866291194400318,9.75258205887168,31.184225015773944,28.01027865857184,0.34063109945297687,0.14308025039206174,0.7635438337064366,0.3670791839418478,0.6819092525543885,0.5556296946217455,0.1312994076140799,1.0,0.9999999999999998,-0.05230559999999995,-1.08809712
0.9659065789884081,0.883817080725961,0.23355028617642506,0.4530746595233318,0.28226907511918486,0.4668689960413308,0.4577475601507888,-1.39600455,0.21994777823437997,0.22348313164006361,0.3107938842238373,0.5034936463905876,0.41436300341198473,0.30907656699697966,0.20665126940331144,0.3262583447678015,0.2089133366466895,0.10066773450037486,0.12670931303555744,0.9250617276445379,0.2852993071346772,0.25072914747945846,-0.15930020514150223,0.24303526336145856,-0.956847587343304,0.8766654833824826,40.99466599297174,0.5783321266843353,44.8975544533175,0.788048688120219,37.6783495993616,0.24796054850592605,42.6386673895291,0.18758223284735828,29.514264010163544,0.586186923504029,63.66749230743183,0.5617895669803756,39.87742933620795,0.7512923989026908,36.37915640743157,0.5781620738642735,49.45110157921068,3.120383092726915,170.22373247510959,0.2896053209455923,19.764753530028738,0.9590166411569722,22.550599154541285,0.7712382751497755,38.43813881054113,0.3865321302039467,39.5775667653677,0.42581971509078814,64.61351540678159,1.0902007058243173,90.2312131292853,0.08805877755226944,91.07254811053929,1.362571748799737,155.28734030996984,0.3128583303812767,133.11747290037647,0.8620155766787332,0.32493945061151785,5.150615457012473,0.98859742017956,1.597273218643507,0.14347855647648006,0.04448623405165081,0.023667743983437167,0.4704111249383925,0.09041935548919917,0.10247677349604825,0.004274076837864066,0.8660961227365228,1.0,1.0000000000000002,0.7221768,-0.22630560000000002
0.9651653699802745,0.8829559393224784,0.22283552737389076,0.47481259121115815,0.4065579190860879,0.4488431116163084,0.48446990606847806,-1.3946456999999999,0.2199464854953586,0.22348309221818097,0.3263001034317336,0.5151307139676686,0.40450603121385514,0.32187971394807774,0.21103707995042006,0.32382709469153437,0.2073913238791209,0.10062177031845658,0.13398952956803756,0.8990102341443419,0.31465525426496893,0.30458606315322995,-0.1502483771775472,0.25507756521157265,-0.9551758272073521,0.5018652320772992,9.143938711399,0.29778890325817303,7.250525425801419,0.4015935483147117,9.979516254728939,0.08075987094052114,4.382228954054605,0.14320718302431562,5.759408687216423,0.13028816783436042,12.301328106123835,0.37389436317762165,18.93686117707148,0.6116628164078642,32.193422761034356,0.7194131319475372,15.361126731842383,2.7774163053312675,141.3092211885042,0.11814473347551352,4.289600780126732,0.4373661471673357,12.701842256010599,0.28441950009097444,12.141427405612598,0.2634599603734873,3.2790902952325425,0.10050448682521623,7.908712599055802,0.5313974855341349,14.887714886574528,0.12442721294379344,3.7528353203628235,0.5089885198353304,22.236124167825633,0.13592678434863398,8.764848803193821,0.2509121600598538,0.3286761246172819,4.044086367047995,0.16181254035769688,0.30543187583808057,0.022029686948160116,0.1716026375234487,0.055336232599879576,0.9477669545358234,0.08899863300905753,0.09016104215316259,0.013772366569212744,0.2518969852091783,1.0,0.9999999999999998,0.3967679999999998,-0.05293535999999998
0.9687950713425622,0.8782272042439189,0.23949348276101365,0.4705375387599697,0.3024457758643853,0.4342208626878837,0.4375769286891163,-1.42975195,0.21994694780080493,0.2234828726060456,0.3013312043544943,0.4880025933168798,0.4306862158064615,0.3012389438430727,0.2022834424390686,0.29282901635555175,0.18534631752826927,0.10063206970921419,0.12264605260089757,0.8589981695867206,0.38017483721785716,0.3429128720142178,-0.3238317730636531,0.05474031000373636,-0.9445297672467213,1.0026296196701951,15.082179958397036,0.8620825226154621,15.234486659690964,0.8763490088315278,19.237225648469007,1.4110997163891161,35.6964915375617,1.4087501133054914,34.82701113523435,2.041055587376338,51.2766819740323,0.7806081481511723,12.828956091681976,0.8578799008443079,19.260142408550742,1.28637197410665,14.893030829050424,3.2017671613032688,142.12979020489564,1.0486694532940304,26.333134402659795,1.7848705353520742,52.42323701635281,0.4779161225152379,9.740444061617723,1.805597011623579,43.170846110143906,0.2816459605675183,5.309421154836351,1.7933852242463917,44.447962537599444,0.334874584380481,5.230249898526764,1.8839400580161132,40.690123699249895,0.51699985028021,9.958337885718862,1.25822000765952,1.1320509683635211,5.493635439736316,5.332179531449202,5.012820636563518,0.22937713977887975,0.4382826019158439,0.48035091186141976,0.6176275679893847,3.6404447622608975,1.1031299610421377,0.3229302371472609,1.0,1.0,1.0,0.8953440000000001,0.74133408
0.9344954340363361,0.8984605637166275,0.2971789569159296,0.44468047182443277,0.2212439919474426,0.43765547386984666,0.4769394903978912,-1.4452446,0.21994793912360266,0.22348294238934657,0.3629313303339903,0.37571395958229975,0.3862891194660936,0.32765127388008125,0.21439556870653834,0.26056296868359874,0.17395148461568238,0.1006154181995159,0.15154452351957665,0.9108619168688823,0.20060271099326413,0.3606786946024094,-0.5114078290284102,0.08400651888102649,-0.8552221566317959,0.9144598248146301,39.9137122961621,0.536502250313419,30.651111162509945,0.4690970237893223,31.428391834588325,0.69377318910157,41.84173204095309,2.079787595853539,47.013338325546535,1.109796935948481,50.226113674705786,1.2982768297955563,16.336633812111995,1.785983037950183,55.812803373790125,1.9652894251648942,19.47001213390159,4.174671705990784,63.48232382383998,4.707547875147163,118.96399831656329,4.99476385253908,121.95619907404624,4.60240699653214,119.31990997660056,5.554851018399022,140.93154024369116,5.085445613068951,124.24514286630897,5.965148264062914,164.22648929937455,4.462307500581645,113.05948973866586,8.604207929077159,226.34176247869803,4.861211383679587,104.66893774941217,0.6720617267596831,2.77394262572448,10.308809632322884,36.92399439203423,70.23587886782785,34.70266071502272,0.08089511944167949,0.6624095923975228,0.53498725375546,4.442890887360305,3.352190590222288,15.517205866479145,1.0,1.0,0.9999999999999999,-0.369,-0.20627040000000002
0.9047146137169666,0.8866987670838651,0.3827041205895882,0.42274736032292387,0.28894512926749605,0.5350705201853397,0.49199380682687455,-1.43883406,0.21994698642493377,0.22348336765368132,0.1419649469254791,0.39784280660040844,0.3963642427346845,0.3275585762260697,0.13994227219067867,0.2768255328659009,0.178061774788976,0.10065749940188373,0.056630124660247014,0.9579265313101873,0.0991503107689393,0.26934360301751253,-0.4872981475464913,0.030424798780990626,-0.8727054755281958,0.7060612357805782,17.66539955464224,0.7628910684180281,22.314711050920764,0.4495148956464068,17.394479279374178,0.3192967010665799,23.238481983574335,0.4733940360628103,60.713682248940934,0.29598744340934385,29.98115603056837,1.78395184919773,44.450549083535975,1.2627456641983932,50.845980447797075,2.361728889093787,69.0563438829011,1.2305075170709023,104.35269131994004,0.7902950447660432,126.77133923917788,1.2865331130621704,136.0299309472647,0.45727687227761693,120.66326843965305,2.1843670662027117,177.82446487791142,0.423785369978719,114.71400518720299,2.8970283121543696,198.13821290334994,3.2793165789273004,36.72791442292753,3.6992344500330123,229.9702902594968,2.4994108630090652,57.971226640298426,0.6412944461759988,4.380123772918086,1.554337681009919,1.4002731633715193,13.42428401882304,8.590282963381586,0.09249219530761017,0.22663604199475496,0.0523928641174389,0.044470254880882486,0.20734142849283305,0.7706785403524705,1.0,1.0,1.0,-0.33734399999999964,0.223956
0.9158513143634452,0.8591940238210983,0.23504175874222868,0.42034012704475404,0.2270379026027372,0.420462065656392,0.42899118505266515,-1.36435485,0.21994684051788518,0.22348333251831107,0.22205081553385478,0.48312129821985705,0.44569734400578376,0.3009534925813122,0.18728996023012018,0.30925072564931133,0.194233626874957,0.10066803537438235,0.08306391584406186,0.9232395471661896,0.3838562686744598,-0.016825681195414437,-0.5359181406447606,0.01738662450042611,-0.8440909025788299,2.5089444079741257,70.21090817303558,1.532546954720079,53.64516617013829,2.352927087897114,65.71225466948455,1.2194101759651514,34.9078806058611,2.080287598043464,48.520282665649916,1.4894613535046826,40.600488101798994,3.8414702828245337,128.4721966032585,0.7737927960084394,42.27699112560887,3.5639530752434117,135.649018583386,0.7189637046304909,42.09866327757585,3.5665749647525984,77.83305362882086,3.8286942720549733,87.97262206298961,3.512121351980881,75.31044433238414,4.195139198346582,86.43482464117506,5.096599208623162,127.8367927158179,3.6310720514854014,81.25956626749993,5.523451520014388,201.87798940790586,3.075401947766671,99.51282915048199,5.265155677893617,177.00784040213074,7.089884045843208,13.729327728180486,0.5578320498652791,23.130222406632008,20.12098713845472,42.10285224987144,1.6251818239010845,0.9365287683650163,0.044023274961824,4.136155279058146,0.7176884292297514,4.376081663995801,1.0,1.0,0.9793920406261838,-1.2398808000000001,-0.8809944000000001
0.9029388803850735,0.8955346328448499,0.23604356451530292,0.410812980469751,0.22405455883933714,0.4044914452097719,0.4653782498194344,-1.4129848500000002,0.2199469337950634,0.22348323726861483,0.3331035980351758,0.5133130296485372,0.4228029937116814,0.3494652774855322,0.21969776059432194,0.2957786542162907,0.1855912391381662,0.10060199051849801,0.13819091521170296,0.9686429901662819,0.2213032421423452,0.11294083680853047,-0.511504343756878,0.12773938310531815,-0.8497328735089152,0.8323490768934847,59.927661741162176,0.8592488554980148,25.359515540603727,0.7104169092582185,53.716798492617215,1.5044323804066457,28.74436887463522,2.1655413522728746,82.8302575655898,1.27293043274259,27.91993650308441,2.0004166620061925,97.58097306748212,0.7346095040622322,28.175269988389697,0.92124962122057,81.03347390495624,0.594883912036627,20.81900826284905,4.119174496319107,183.39969496170357,4.410003265814954,195.12159021878335,3.9465177681515646,178.20023143222795,5.172356736963915,220.85651782975424,4.251605695834288,224.07744191465,5.38054039068553,208.6542336012765,3.0200635257693773,201.47458680390025,5.365912022164568,178.94000375794786,3.085589682320421,196.42300267434862,0.9679028832200421,2.4251838431155206,0.4467689961292801,29.150325532483198,42.24825046991232,18.35889919008768,0.0513469834534741,0.05436865286804753,0.05043570144456609,2.7264699221656663,1.8207876104682876,1.8441516946311571,1.0,1.0,1.0,-0.22995120000000002,-0.769596
0.9216007379110109,0.8902560244588028,0.2648733475626416,0.4276006166845412,0.30299818328392664,0.41022068972342196,0.4512269061758175,-1.421301525,0.21994750498293908,0.22348345361682262,0.24984527785565608,0.5771925389573224,0.4434828807880349,0.3546488514614624,0.20382322339529915,0.2608118994644225,0.17300766079281005,0.10063478925479054,0.10153362624566331,0.9149513023294931,0.2893098739103554,0.28136082034202786,-0.5773829668037394,-0.034699740155055475,-0.8157357646187176,2.1293321475580074,66.7165629527354,1.4337704243343847,54.71306558306238,1.8651416256960216,57.14122845076901,2.153450188059793,86.40213086492682,2.1742776520069,94.33059031694575,2.269989927284929,82.93740833719616,1.2699803371328264,51.45218109291306,2.567168763295659,70.57074116631941,0.9993969583396585,33.29525173887924,3.2663448031486206,82.91581734405818,2.0810893095221457,138.18269356550732,2.403264481528544,151.13640517935136,1.8102620739357715,128.29939170706345,1.7372087659348707,154.58776787571713,1.3793401074858371,113.08242265989858,1.2126124439420867,149.29831653674165,1.689657810289409,43.54193072830379,4.1324494356055705,202.44364730313293,2.699091356310535,58.86413001331917,5.0342531541119975,1.3058221685212843,8.629681916148481,11.63199961835297,10.782730786740478,6.021308398850643,1.0359366725191816,0.07950352121530867,1.1770293793101696,0.6779182759264942,0.2081921584914736,0.22310777720040467,1.0,1.0,0.9901840908967684,1.5004320000000002,1.24824672
0.9378186890368555,0.9213704688217057,0.3418926496083967,0.4770386251735702,0.4305835162906843,0.383818545561428,0.5853264874664736,-1.4330308,0.21994718328140603,0.22348356472235267,0.32840641505124407,0.5767301187205676,0.41445096613471666,0.393961302169439,0.29371913957910545,0.29304300212910733,0.18493785278573993,0.10057109312431588,0.1350075946198769,0.9641718305578312,0.21680394910288747,-0.15286833816115503,-0.7157868830894216,0.023295157638925562,-0.6979301352053143,4.16595278853602,145.1641586841799,2.751163255544796,92.99884843309,2.962425322495175,110.8346723924172,3.5246533505519513,124.27725367215068,4.060452378826064,125.21452015521442,3.064401379397784,124.20836516885788,1.0196837464547532,54.554097553169896,1.5981134271465967,95.1737688871215,0.8624705187676621,41.65745655307919,2.7389336566773577,60.27442901106396,2.691720322820363,73.87129757364288,2.9341131884023772,71.37863366083761,2.472742627643241,76.42321371121484,3.569789990254015,83.86576392977602,0.5783041714342376,34.26579878445143,3.0448287621368793,61.892641047630896,0.3838205253358919,46.43368510454975,1.7146809809220631,59.962164030984276,0.2744294619638342,63.37049227408496,16.850012843165764,0.8918051692636808,5.0278620508531215,23.9233319679871,12.477256815794805,0.27853271998055984,1.2507527533113634,0.18806170126175942,0.19724720326231185,1.1498959000146325,0.827846682491222,0.015812593500229205,0.7081927512549525,1.0,1.0,-4.077244800000001,-3.4975171200000004
0.9241502074429513,0.9219161379507357,0.39350602917153316,0.4852000683450076,0.20064664472008398,0.40897864089747715,0.5103963574184284,-1.3816408999999998,0.2199470129524382,0.22348268913273797,0.39050152718960013,0.4065419248292726,0.38653157257848936,0.34526296856206573,0.3037844059137335,0.2557115323347776,0.17248637318759405,0.10036880533914891,0.15993137331292978,0.8729800265920863,0.2592814969789703,0.4131331244231387,-0.4823520465986501,0.059063278296167324,-0.8739840000246017,0.8203900728784089,83.26591279032148,2.779717340267935,40.390413096671466,2.798373308665847,48.78138179550196,2.122444096157069,48.966540682041895,2.220029621510486,94.88285824182869,2.673637042374271,11.69053751642607,1.2629331031024542,44.91223146667816,4.676581950591795,96.16641685601257,0.6655539306767383,35.831629174829686,4.997537873703811,181.2002344575331,2.3532169723924405,16.083256111935256,2.024431325377078,46.54579291824778,2.9597209941470903,15.840481990409373,1.378336990248756,57.734041731817676,1.6970975292090202,28.195097308309013,0.9874632488816177,68.44316882100262,3.852161638720785,85.29822741633957,2.280617081615638,90.34640435908992,5.536644732129291,129.68402861755897,8.11538076905856,1.0189810287756254,23.422901769852487,15.236383614129354,4.038055399768435,24.1868621021472,0.3830999833867994,0.12023963389583617,1.5433552309517344,2.374627669534398,0.26356164351788125,8.635796734355328,1.0,1.0,1.0000000000000002,-0.6543312,-1.6673759999999995
0.9462540401224611,0.9134572532231598,0.40490080156332225,0.4303392656511954,0.1571982124139359,0.42043656996607326,0.47451159071222904,-1.3497719000000001,0.21994734838919971,0.22348271563143315,0.4687371847684372,0.4018261342434063,0.37898739106862117,0.34879133112793964,0.32018016884911843,0.22983016887475852,0.17291677258210084,0.10025884647433053,0.18790752254836326,0.667530114640118,0.2887908364621859,0.686296873680787,-0.34711471879850764,0.07450654025241096,-0.9348583568931973,0.5424451233053532,28.5229917747277,0.7224660280788286,52.9843421497655,1.1038281538880221,40.9619488036897,0.2318187530636832,45.627686210685695,0.5732200043403931,48.22256526683244,0.7437700134853521,48.1831527076498,0.37789052738591,28.030496975814813,2.724993369253849,95.51606317245368,0.460654066312228,5.679950053310738,2.6781241821650017,103.04090544329655,0.3059522428615283,49.25283468812879,0.3186586612662532,47.01966749682309,0.7216858527198661,54.23569120732741,0.5987850462261054,34.49166110217739,0.5465112337899009,31.14645112176015,1.09045597434057,46.246666763407106,1.8788402150603436,55.60107261112053,1.6267566396859237,92.68360274771076,2.287322591132261,80.23768819998499,1.017320233420799,0.17750170974899587,7.298968998787201,0.7988777968320008,2.0969874641606396,4.530279859145279,0.1884611867744599,0.06758880768559739,0.14753584751804413,0.07596164367077146,0.24156509420163882,0.27842047659412655,0.9052265767470674,1.0,0.999999999999999,0.21197759999999993,-0.17217600000000033
0.9544255323253094,0.9117357847408426,0.4029993392331278,0.40436269963407856,0.1815888826392894,0.41860296579150214,0.4581957179791623,-1.3403961500000001,0.2199468991823254,0.22348318825808797,0.49491757457185737,0.40949510052014054,0.375189336855407,0.35538149234308763,0.3228427685398729,0.21208338432795712,0.17749561451483808,0.10017632405258811,0.19586112910984135,0.5273340151384385,0.31276510929794776,0.7899979891644129,-0.3133513682686286,0.07560628734015047,-0.9466227386445019,0.23023837400954672,8.665590684071766,0.4944856527746798,9.728675774001722,0.4477401020477842,17.987464854722088,0.02512153498494765,5.430407092417343,0.17452766501618144,10.043760030165572,0.14549518359038557,14.61075733489762,0.18275691290892135,10.528019215544795,0.8422164028989222,45.71244764899985,0.25961419820601095,15.369535127913332,0.8421633134468889,46.220435210782675,0.07443859515063558,5.627754669416169,0.1022842326851984,5.32181113077274,0.20634885273245368,12.460740596715121,0.11744478409874233,14.28708608416874,0.26563342945766444,7.483489715642802,0.10310633519701944,26.61691394139972,0.8702096645567667,24.569985753595855,0.30920991284601473,35.1174225327731,0.9034946870900789,33.50770253247071,0.24899848432416066,0.0503998105630745,0.7092837579139213,0.055105886016000166,0.06001748193600018,0.82206431436672,0.0496035616931967,0.010983100199190313,0.08634762372040726,0.03241963543354136,0.004431168388150058,0.2538913751708644,0.6845966736084064,1.0,0.999999999999999,0.14240159999999996,0.006024000000000029
0.9594310726345484,0.9104816447650113,0.3997521666736654,0.39062375952380785,0.19352708308993755,0.4123686296934455,0.4474278878072417,-1.3374646,0.21994727184952761,0.22348327514380129,0.5068758176327708,0.4141311652810013,0.372716522206891,0.35959105016810416,0.3239040609667622,0.20325399467169147,0.18112193231356605,0.10013479901576602,0.19883286025279615,0.4535975247253071,0.32350714454416457,0.8304170115020256,-0.30335484762612114,0.07787191030634878,-0.9496903716511885,0.083088434522261,3.825076832884785,0.2908269872484333,4.972686829909158,0.24320171183607958,5.54027447915824,0.007861932586840096,0.7309619288581718,0.040455856831860794,3.2631223573014045,0.050965880351466895,2.3034557597210257,0.10548857303044798,2.8472113482436563,0.32737878949009536,12.866632934612216,0.17787174745549944,4.286946932113103,0.3646742572038237,12.14252111983293,0.012759764261145772,2.082128860104531,0.06578074271395806,1.5556064535529883,0.042054917239248646,3.989104831673375,0.06267710625100498,2.510114487473443,0.19431799794934118,2.367118393510547,0.046148070721971045,1.5095955087195516,0.411551096570037,11.223683187956443,0.16186805657942485,4.182176155953903,0.370532521779128,12.8410250438544,0.07531554855167996,0.021383098791436565,0.12008209283758037,0.0052463655360000345,0.016129665910079846,0.17221406955552004,0.0910857350499691,0.011530306449246595,0.04086489209878123,0.009853426195273155,0.01251739142365229,0.15108244741035312,0.6164837244511735,1.0,0.9999999999999923,0.04558560000000006,-0.006072000000000077
0.9626534261799156,0.91121736681321,0.39712065378175876,0.38349521370458955,0.1960965521501693,0.4109297446258126,0.4391080055668956,-1.3371551499999998,0.21994768910340937,0.22348244276676413,0.5117192909380689,0.41492766652152757,0.3712928584796642,0.36194384579517297,0.32360965525492286,0.1980172103833401,0.18370894925397618,0.10014197196435412,0.19953561932489774,0.4048973589738149,0.3250238452897092,0.854644738291368,-0.2944671225617219,0.07912343914418243,-0.9523804886221772,0.07036482213833678,1.411422957864793,0.16994038691258906,3.2311538757787663,0.17870665267974747,2.0065809679153124,0.04727130681502208,1.019103372499515,0.02168252236249573,1.2126956045834816,0.08390025506516742,0.8234124992201755,0.1345644472511229,2.4401753083777056,0.1222967776517423,5.462179451997529,0.07007115419898244,4.721848905260083,0.18114162382382118,5.288695128361753,0.054094647720455274,1.5483133926489638,0.032729823464236696,2.1312965945677305,0.0782409202399868,1.1072562926729905,0.09089864632655356,1.6059991467992518,0.16354590093304053,1.6624058769513521,0.11599163225267595,2.067920645647459,0.2414446496570174,4.167879760814609,0.1909250940414062,3.7422562581536916,0.1706118356504036,4.877619491461775,0.03288350550528007,0.011508778557388907,0.023884394852765216,0.008814249216000256,0.029084507095679845,0.05707558951200005,0.04084505945018897,0.010738615613773855,0.01211524866569429,0.06832061844326714,0.03818992232938396,0.09260806340079242,0.5992616729912559,1.0,0.9999999999999905,-0.010041599999999984,-0.03448799999999985
0.96471204414223,0.9134218371891489,0.3943197087931345,0.3794038083450931,0.19375129778151806,0.4122714379596318,0.4328055711546353,-1.3354664,0.21994753003432427,0.22348321128219006,0.52156711888918,0.41481065874926604,0.3712600567755707,0.3625966176469385,0.32672730762593133,0.19513617610786577,0.1852827947786841,0.100208316313616,0.20241804656664023,0.3746306737198611,0.31487408971613795,0.8720700464605102,-0.2873365539980401,0.0800882007675197,-0.9544755548647398,0.06559281848007745,2.3498209445453875,0.0921395383535201,2.251071818952102,0.14488429678885215,1.588343995467028,0.012720950907855178,1.118563674203725,0.023563025951689593,0.6391487651056597,0.04700362471129382,1.6492228907459494,0.07344522726494832,1.4877840276814922,0.07158069907454127,3.275479849695269,0.05055277337018851,0.8828001896334298,0.19923293945234438,3.217103523024165,0.03627995148838996,1.118272217936287,0.0451160040783742,1.0091118896138842,0.03025417762888324,1.7229895038008627,0.030797910578480272,1.6904295854296374,0.09991830782874601,3.006073806975114,0.05598178307128266,3.9062854174799244,0.2769414420125667,1.3443706734557808,0.06344395914505888,4.739885154144053,0.22012911207743507,1.2580309441790083,0.01689178591008019,0.003974892151708774,0.022408780321410776,0.0035157804479999865,0.004053803641920059,0.06756852826367993,0.021699666583027577,0.019055762692598087,0.015690479573853826,0.007093758239866424,0.0032881980092180716,0.21609016414723897,0.6143933767198354,1.0,1.0000000000000155,-0.02430959999999993,-0.008136000000000143
0.9656218487169653,0.9144219153990132,0.39129860157342955,0.374212373619259,0.18545775889460547,0.4068575425463433,0.4232183060880046,-1.3349388,0.21994711372423142,0.2234825654475087,0.5276358793398057,0.41009553766043344,0.3684306997428418,0.36384093329365796,0.32653038856473987,0.19405008623806394,0.18590322693541395,0.1001933915043279,0.20386707284335354,0.3686386874000837,0.32197725590087556,0.8720299105159669,-0.29073839863222645,0.08067164622979017,-0.9533956518966008,0.06773743643687954,3.1495522705680172,0.06810783919637763,2.106913598760016,0.04919501243012509,4.168220726593091,0.025014724623710474,0.8757568100792561,0.013099977404559133,0.6424174248197346,0.041699929208575966,2.089030348815563,0.1743993552281676,2.630719380318689,0.13933631325681015,2.1197476945712035,0.1452537326431845,3.0928632515779206,0.19980670547306617,1.5170450084743259,0.03538514942740936,1.1864568188147555,0.034794007759958244,1.4776184032638398,0.03643122528820569,0.9129730825561033,0.05348922164324335,1.3098210870679796,0.07030972860138272,1.3320921020179388,0.01462429104743167,1.6500214724421272,0.1713358302282394,2.557262134355401,0.06714004238068344,1.7543893232966046,0.12315301077927379,2.5630028580366577,0.0058235936515200456,0.025756890975389156,0.02966866387200027,0.0028502297280001638,0.0037913760057599858,0.024733044360000046,0.01149267647568003,0.06639061886437092,0.04746546108308343,0.008909607397725661,0.007487955845473682,0.0824135521411489,0.6271883985768969,1.0,0.9999999999999994,0.03138479999999988,0.013008000000000353
0.9667270073431744,0.9154526142548286,0.39069755881804497,0.37439172035551216,0.18978663184341404,0.4064215740579573,0.42227641302350766,-1.33427815,0.2199476045226454,0.22348323842964152,0.5339609678516211,0.4084268264365111,0.36697482033104123,0.36483005076336567,0.3266404737906955,0.19440556243328014,0.18569906868371744,0.10018951176395048,0.20549274421293134,0.3671526406891077,0.3258087151092073,0.8712333898525139,-0.28606659005910595,0.08292081657782129,-0.9546151288503774,0.007963842288744073,1.4502377524996517,0.01966865526669166,1.5923149903456943,0.008170334632069471,1.0802635454443907,0.02705916717121738,1.1227642231563781,0.031681827220033494,1.0214557352171394,0.035698174743256206,1.7314669221213141,0.06121389018842092,2.8016304866417245,0.03210139735276354,2.7176295915021282,0.07896570949570411,5.067849051702283,0.06142485282033387,4.135704066782408,0.030860360594134446,0.9164248698502628,0.04221518816729205,0.8813187756175035,0.02854484976313602,1.102987812864687,0.023409696452537772,1.2000889157458978,0.05353002680963294,1.133649602916503,0.04025645428201365,1.3163853441750653,0.17951562668469873,0.6627940671309647,0.0249060328113492,1.3431518182586395,0.12232035526436312,0.8992590511571493,0.00025851657599996986,0.004991361814079995,0.002401756127999846,0.0029136951359999986,0.001394453234879909,0.025026796653120076,0.0004165527329539523,0.005983813231644588,0.0015467766223779818,0.011550796019563497,0.06137928675906773,0.07156596547695326,0.6141446428382432,1.0,0.9999999999999998,0.005639999999999978,-0.011352000000000029
0.9682347613146153,0.9176566591149437,0.39074735933131016,0.37680394284095536,0.18340665482096372,0.4052079810370127,0.4146066047798684,-1.3323763,0.21994796758392648,0.2234837717061353,0.544082185194011,0.397385642636973,0.3662358756293545,0.3609048815463709,0.32912582319113154,0.19371562786724264,0.18610990954272155,0.10018094088331511,0.20877612886085545,0.3613185994651929,0.33067079083395373,0.8718404084290651,-0.28739870337747275,0.08143709515068821,-0.954342697792761,0.024298067004599348,0.6969652744263167,0.0426594784778245,0.6811671865261957,0.05391527219628857,1.2113367645902458,0.04887910964819136,1.0433778537960103,0.04479334950636775,1.1872075436956122,0.05340496696001174,1.2490713727437668,0.06322048731226249,0.9426748143956803,0.29386249584457064,6.875020808686503,0.08245155748680896,1.237504132929365,0.34711901746899454,7.7965707661214685,0.06581991139465339,1.9044516487514174,0.06248130241920198,2.0840613710425426,0.06979908492236826,1.8774259432914793,0.08162707668415027,1.4328650373179528,0.14819284259963328,3.303162619442233,0.06918499132037349,0.9162276420380289,0.2650822272427929,2.3506935434394363,0.08980939528579301,2.400208587415666,0.21780777903463347,2.5948253401568016,0.0026585418700799295,0.005397544674000252,0.10342338937632022,0.008983310399999668,0.009757635076800063,0.06983496720287954,0.02748575460422479,0.010482349817891517,0.20782218918576179,0.023587791733325474,0.06454702259738673,0.1461569575127603,0.6968098811997347,1.0,1.0000000000000009,-0.0016703999999999053,-0.01257599999999992
0.9690282514090701,0.9195909908056951,0.3898380835517069,0.38005444089924806,0.18298367086164707,0.40398187238004835,0.4202889638259491,-1.3306808,0.2199464282000506,0.22348253977660093,0.5491994703036047,0.39832728877770845,0.3657447199195089,0.36164908906286475,0.32890203260697554,0.1936236916211444,0.18616650460542034,0.10020658090942751,0.21024784774736383,0.35797831789585266,0.3290699586799174,0.8738217702774709,-0.2850134304533788,0.08211689261643933,-0.9549995604230493,0.059833982205432124,1.793265591822199,0.0635104486521695,2.2406969329527335,0.06887968641043424,2.336577279684018,0.06064254823141887,2.1766601022299845,0.05710822567721638,2.0647189817501705,0.06625498960832907,2.3290287739226456,0.060833490776051755,2.0431746283780736,0.13110243128180257,10.04676248358962,0.024127518313626122,2.1952575826911147,0.25479994703296166,13.730675996249479,0.05878898345778724,2.3624450936705315,0.061362513638213684,2.217918273264321,0.05651417039999922,2.518022457901468,0.05217492363195106,1.9533224152668465,0.037301050160015566,3.2293243687835544,0.028762508497000308,2.3164232010409482,0.14873824718612266,3.2719828930212573,0.049912810386112505,2.7309524293783425,0.12568449183570826,2.473711383986399,0.006179046857279793,0.0021414253699871687,0.041055430247999916,0.00903321359999988,0.0030203965958399805,0.01965551300352017,0.015446791942527037,0.0027468686521263355,0.01970403149662788,0.013776056063991961,0.00402489846878145,0.02124253470480555,0.6997117902008675,1.0,0.9999999999999977,-0.049821599999999966,-0.04764000000000035
0.969541102915044,0.9209734969465733,0.38873785676342665,0.3808372159678726,0.1821796557955979,0.4037304858560504,0.4206548814487835,-1.3315582,0.219946856527594,0.2234826191653391,0.5513590321217654,0.39749413877439754,0.365998169652527,0.3610589260730165,0.32877335562152843,0.19326800481455805,0.1863750540979129,0.10023270041969864,0.21074064226909978,0.35572094562009005,0.32892667046420926,0.8747970360629249,-0.2867727662194261,0.08015467178235441,-0.9546395179052256,0.030124572465679678,2.082109522750194,0.03174227515475259,2.0695991002394534,0.02716224320633281,2.286396865834045,0.035410452694084195,2.1440611802614065,0.031311833418054706,1.7571680348924548,0.042115794661860356,2.537685652022303,0.024945364940205286,0.9859313105485265,0.030869831486419468,3.807988581092074,0.009853359168610158,0.7604215630493619,0.03616941289874571,5.931886127704088,0.010155205167795006,1.5178627365608435,0.012885429911337657,1.2013009933168262,0.026653672167264206,1.8409255567089584,0.03579451756903477,0.7779482953307307,0.030486817883143176,0.4524755379015791,0.005983176895262494,0.8015653665907503,0.05900543866458379,2.2154069738194924,0.02284675257098931,0.7412994975169647,0.045190215578152546,2.605372289761314,0.0013264246771199912,0.0003596799594528285,0.0011305864627199436,0.0018668759039999964,0.0009195099983999741,0.0032266217203198995,0.0035972727533750593,0.0010887914805855498,0.0008349303235437698,0.004333817982289638,0.0027607037766228327,0.007111125499222921,0.7166279712548362,1.0,1.0000000000000002,0.030043199999999937,0.03400800000000004
0.9496752495334655,0.9206471759903465,0.3881993274298655,0.3816200017365572,0.18530657260823202,0.40629010824783807,0.4196579218130999,-1.3322941499999998,0.2199471592733127,0.22348304073016367,0.544166123533292,0.3971861283139178,0.36617929162774876,0.36098719758739356,0.31796887200480806,0.19311018776335978,0.18646645983929672,0.10026683520387336,0.20754740604233224,0.340744789983988,0.32008582012368914,0.8839898505381797,-0.2718984698037707,0.08517110967585528,-0.9585494792627824,0.062051262776511636,1.7991116542228816,0.018035181618158785,0.9933112902288068,0.07046956245074856,2.3255265097985722,0.020258786538191742,1.1182428456108933,0.06938719190167635,1.2509543812114414,0.06934958537727562,2.6364600371134106,0.08243842443909075,2.0250549560542317,0.03571813656953457,0.6590829503847444,0.12004392713402724,2.6687361214045735,0.053439158226905356,1.6626185961873619,0.044942888558703424,0.9654655232953905,0.06955732898839663,1.9352236237665257,0.02865274353356032,0.7961772371124437,0.39484220929378927,8.663933921964116,0.07407379537299318,1.5279710292239814,1.0349169730872123,24.753636348019338,0.06083017198726238,1.955786774144853,1.8054605977961855,43.33316453805282,0.059407412870785485,1.6561722901678755,0.004570793110079812,0.010603319132879659,0.002065764456000075,0.008651506176000079,2.2433207408092786,0.006358238844479978,0.03406440438646564,0.15518976630099007,0.0056510031146607045,0.06265429226591858,15.76136765735253,0.014711665214043046,0.7221525821978392,1.0,1.0000000000000016,-0.009890399999999966,-0.005376000000000047
0.9196829989630232,0.988854481361641,0.39881831483509417,0.37304208079496887,0.17803858679392062,0.41418107948460464,0.43958431297233524,-1.48587645,0.21994736618748129,0.22348331484341488,0.16018648165101482,0.39257801135061043,0.3625818361970164,0.35883582728596086,0.1833384564159958,0.18962197747360413,0.18861804800707682,0.10047575757250367,0.06517397716714317,0.49287977294005186,0.21710538830824627,0.8425762753567707,-0.44503104996977605,0.1321549401000363,-0.8857101311207604,0.6353518735133797,15.75652323152546,0.5702100987109926,13.438204433200136,0.03949091885484759,2.195983135410667,0.2868653408413078,6.8969177850514995,0.7341043365625906,19.03900488048264,0.9426163461345222,24.20533868388404,0.18131135280505664,5.563217361146301,0.6962960812987539,15.923098365334837,0.4075061531954286,8.23515075898973,0.6396637176321942,15.215665155293072,1.2176642530747115,28.361847097197238,1.0240269834882265,24.25789095776428,1.6656751311008993,39.425916647747535,0.48468956900680266,20.750402102539816,3.7302272328638866,89.41217253354343,0.0819742468203274,23.16731555199889,9.292778152705544,223.15106280039043,0.2219752374297638,43.568907584760495,12.040704025736702,287.9508852514112,0.36518554626048083,0.09946753577406792,0.44699895224352015,3.366622945727994,0.14545838073888004,122.62443721979642,1.2078162263720396,0.09394004831147858,1.7943482852830297,12.004031483890735,0.07004456848217114,213.89937373379985,1.0,1.0,1.0000000000000007,-0.39404639999999996,0.17495999999999978
0.9246893878881709,1.0013720972203939,0.3642294638188404,0.35596176513132705,0.16702324178056785,0.38307852522981495,0.42556304013464336,-1.49302775,0.21994706086886,0.2234835287961285,0.27672168092733535,0.3716496876589566,0.3565937911756177,0.3558277102025642,0.23950417336029867,0.21611858910329748,0.17624016792819958,0.1005228931242378,0.11400138285820413,0.5661049137206245,0.3813276693310836,0.7308313316107131,-0.3761148250804156,-0.030324145010754856,-0.9260767163599866,2.2546171346062627,56.44948311072051,2.0061045033596834,61.07866918936856,2.4312721263172827,57.71775041807284,1.8230617099813153,45.82954848898112,2.151153169441915,68.03012014760476,1.6529805087489695,37.117991490875006,0.6471756445355459,16.015567844814907,0.9940638665035544,35.67869931519812,0.5201559477809307,21.613164767015462,0.14087674465063507,17.61106503896219,1.0836014312282893,55.14926373962147,1.1767486699342364,50.80503908181445,1.1598799988136692,67.12855558845087,0.9902661384819753,35.09813050469968,2.905386964591121,139.20875651358546,0.3545382701680598,9.329072433718101,6.028317193288347,239.2800590557874,0.2611482498468639,3.9687388972989424,7.0909815392636535,287.8052540015764,7.509418927133758,0.34469926244593874,0.5040046139356783,5.632027813151993,0.5872614092179215,47.53195039354492,9.555536786164328,0.15524379238363079,0.07148287005481099,1.3546972910734492,0.395163183039905,0.4595147709391961,0.23576029528841316,1.0,0.9999999999999993,1.2732696000000001,0.9069840000000005
0.9055647767293128,0.9898054708147253,0.3208874806687852,0.35027287628139275,0.1915696919176152,0.41003351719371683,0.4023964256028623,-1.48835355,0.2199470432664954,0.22348296341779614,0.08018721107974512,0.40345810696279244,0.39682522414434557,0.32966124703430044,0.12671299482941756,0.1949048049863318,0.18545479576226903,0.10017715889242533,0.030323694461002346,0.37951505157223037,0.34565220958004367,0.8581916310723153,-0.29353342832647866,0.07948719003800861,-0.9526383957592542,3.980063855990736,123.50062196103552,3.3137927916801564,94.49362272764226,3.269264589593007,109.47239188656539,3.302148784992365,104.78272099435084,3.3918157445238672,105.42943895078047,3.3304013039998415,109.64435053554557,0.7222737808670595,31.771990290482147,1.034148594506612,46.09159253620883,0.2831330679278571,7.636786882364294,0.7662828815413776,15.929052214896325,3.1491974385602193,83.91772597188918,3.610993797228813,94.14963970767856,2.7535945129400305,77.88540664128237,4.301917309046951,106.28954346974596,3.5727005404592425,154.75878863117308,3.63423140661596,89.86362640490292,5.159610342468338,267.9195676406219,0.9469732693955838,22.323061430568107,5.318956526988503,295.0728465563816,18.755110960360973,0.30092187434111883,0.828326385031679,26.567495171418244,16.30544441183067,33.838533286948795,0.7260518414130497,0.0798571256753485,0.3464576784981542,1.7249930844865986,2.535276404018932,2.9521374331209875,1.0,1.0,0.9999999999999958,2.1887472,1.9366583999999998
0.9077659539151157,1.0223357352510622,0.3560494044821442,0.37340063558790254,0.19964143358070344,0.416806546026412,0.42068309058759606,-1.4920313,0.21994783830876816,0.22348311400604745,0.287056882023842,0.38730738334945275,0.37922619682189684,0.3426784252342129,0.19670444154873573,0.19474589098617723,0.18555490491226587,0.10053290309183582,0.12022996670742832,0.30212847912046836,0.2257258246937525,0.926156700656362,-0.2226913505178393,0.10332614808716853,-0.9693978902009274,3.6184103134052443,171.50795354449414,3.6893848398187146,163.533719665119,3.9475838459690644,160.3040551019494,3.2937105307573344,152.80018064836855,3.0058187835197243,150.8497782318812,3.6107950085461016,156.99788566269655,0.8384970240805849,32.32837810522752,1.3703812758790903,51.97632896486943,0.9947278523999034,30.595434274087474,0.8997133230142609,33.845121904849044,2.9127870231933946,145.37540249295424,2.938765995631119,156.83337815186707,2.8878995688571725,134.98784442950324,3.6996875129728672,191.77923035027575,2.831089529471112,152.64793413341212,3.4156446906638367,168.90814525311734,5.382441546489473,252.87359068777096,1.2661002458464656,45.74199708533252,5.9584861371401106,270.4739670822752,21.143935956698755,0.8462803798660604,1.3437144524446836,23.766712446234237,13.478663089519948,36.24465098587392,0.8768448999671661,0.9251139414721447,0.14468036890866065,3.53947251544994,2.500563649814358,7.737463430866056,0.7217734841897326,1.0,0.9999999999999986,-3.2968512000000003,-2.9870424
0.8889992634384688,1.0179360944279605,0.3824117742216902,0.37303234051354056,0.17592974608367085,0.43248612132696335,0.4367143357031115,-1.49161375,0.21994711324666213,0.22348317858248304,0.15509820510283145,0.37407671147105637,0.37090471122513385,0.34354131591702336,0.13623215777121053,0.1888769992058323,0.18909702082528942,0.10062779417657984,0.06503999028811235,0.44440721140189726,0.11628229231975425,0.8882458324961915,-0.40004489361418527,0.13855382351951584,-0.9059618761743444,0.618556580688428,73.37362707311051,0.5967997499731376,79.85687845915697,0.09534291122049925,93.9269999344548,0.2461069874668336,84.17918440747147,0.7651425926400909,65.55773049941341,0.9283402583104958,107.55169829183343,0.3358521617616901,27.38184499807298,1.2321813160602626,56.70649014649668,0.2393194692247357,24.50647262019482,1.0612337209740264,34.94654358613671,1.2548800137447418,77.20588829154957,1.1811908450711937,61.57533067253707,1.6414531776447365,92.92188132721688,0.7967312558297183,80.16048968938581,3.1748176359343847,141.31500851659712,0.13042520297304502,79.01616186825127,4.645945292708299,240.59978423693758,0.2597258862083635,35.13265991714098,6.2372410056265615,292.57255934316413,0.37393622790047965,0.08503524145500484,1.3222439030901891,3.555781509024002,0.3596244817766399,35.28372502327392,0.0168472598625071,0.013476706114056715,0.11297378711166312,0.1230224006048331,0.012315147055380091,8.243864095000317,1.0,1.0,1.0000000000000007,-0.42326640000000004,0.1389119999999997
0.9039268891679735,1.0302477484987433,0.3848127655068788,0.37938162386473057,0.18476775748088756,0.4325780763163061,0.4306078351496287,-1.4990017,0.21994782963362017,0.22348295870508783,0.31076906118267306,0.3759459812659261,0.3734960813127763,0.34245937080185135,0.1992567602692566,0.18928956507425335,0.18883971455443377,0.10058998153317127,0.13024514248723884,0.34050165730969995,0.19662693247755844,0.9194544419348972,-0.3050977476308564,0.0926237882589485,-0.9478059918776309,0.2676063011527193,20.934166194626126,0.47383920371366556,24.933915916450832,0.2782183890399772,8.189165786718942,0.28905153234674114,12.643398764360148,0.40101075081847815,27.501940496714024,0.6453945719263511,37.55989163332604,0.11766149494206016,10.250828871196797,0.6948348758086353,46.01193281759926,0.40392592889509393,13.6947057143245,0.5989946916952082,39.347506112689736,1.000940670689329,53.51052005463397,0.8054197613667063,46.0421087995907,1.2738218751960575,69.82971519382667,0.42986793477066854,26.48239741128947,2.713640639459838,141.28173278440164,0.24955083126096836,4.217637795768758,5.065342873846248,233.03111303397114,0.3855754929548307,5.3235967125841075,6.082497480898398,295.6259895137063,0.1867710976963203,0.08850019171288247,0.42079507265951965,1.9252745818560018,0.19786525974720037,35.00915977744416,0.0869805074592139,0.0362779617630663,0.1215689704883153,0.5930237233207906,0.08478448991279942,15.093161963748427,0.8301860080153339,1.0,1.0000000000000002,0.21460079999999992,-0.17265600000000014
0.9160587107394701,1.0265840254719434,0.3688713468090761,0.39220163412714115,0.189229188364284,0.4141276579379778,0.41324026811209946,-1.4744868000000002,0.21994752478536786,0.22348288798872276,0.3214790712072094,0.37560797149820985,0.3839929619159706,0.3312646654715833,0.2015860586112294,0.20143220596766542,0.18209721555257236,0.10033264270343939,0.13454805287151578,0.3638306154703823,0.3091196359096481,0.8786764671604272,-0.2796946726395558,0.09601414628810302,-0.9552759673568776,0.5592297086408768,9.613711010219559,0.31184854262285827,9.53401543913174,0.4621946532274042,12.411221713117577,0.08503631826460498,7.795215511314507,0.5506558483263394,16.05576733564162,0.42405372074773684,9.671008661295284,0.6408890387578772,16.936971585969335,0.42417404729662606,15.137274301368791,0.1593369518738144,6.120050598672094,0.2066594065312314,9.64029501673711,2.1573855211751094,42.22260396910068,2.3358700890588917,43.98819433631268,2.083131037291701,41.26079900917632,3.3339774269286466,76.02750986321918,3.3456062080573683,72.68073528249577,4.018115660237887,101.39264051411543,4.664129989360073,121.75441154029889,4.030772034314894,89.43540066297385,5.757855755399227,146.6146527032006,0.31180563901728053,0.218063512116217,0.11131586635392057,7.466539849919997,21.75389106746687,33.050046178512,0.11577928915293373,0.17583570387985578,0.024304770485882025,0.8762682585146432,8.86208408866376,0.6592484882810663,0.744414209485746,1.0,1.0000000000000002,0.1968216000000001,-0.03143999999999947
0.9253746031308241,1.0193825706227326,0.35715178201241043,0.40066547091144517,0.18575482624562523,0.39895735030735097,0.40613152205166253,-1.4708900500000002,0.21994654571929517,0.22348365301786616,0.3182116566878718,0.36976777557001905,0.38466026838887335,0.3280424593996943,0.19573688128937275,0.2086627848275777,0.17898167693928893,0.09992664004153354,0.1327163841141221,0.37845774492959755,0.3629647575808262,0.8514847738257543,-0.251058195663065,0.11103281796914623,-0.9615828075232192,0.4175455054719661,9.219297198102625,0.31436037460214394,7.273729778903768,0.4211208841935984,11.01938405621794,0.16787494259716032,2.12560678370021,0.20334139615926847,8.602802410243736,0.2256565767355316,12.641059631128934,0.1969960072691847,11.476207897197975,0.20078581017592037,14.850678800834984,0.12267722444801951,4.306877939950151,0.258099850025222,8.44574855071413,0.662280724478676,36.03796676018755,0.821134320531399,36.930020234256425,0.579291947453096,36.59556191065531,0.591809439717077,66.97376352529804,0.2882736070333184,73.47964760711407,0.061118656011401644,97.4643856102803,0.13321685947356673,113.78477905861456,0.1258952925620337,96.11527259436325,0.11926983875431384,136.90279598531419,0.22525474668191903,0.026928564139135216,0.05346523707552141,0.7703625523852811,0.18491176387008035,0.05753684929824006,0.05254199265770243,0.009233695087345974,0.026888988361911274,0.18113443060992057,0.012309730205475973,0.006581793294746098,0.774590965386872,1.0,1.0,0.14831280000000008,-0.030744000000000105
0.9293257700665843,1.015435470223928,0.3543792797747798,0.40222508097675863,0.18214505860748342,0.388444761214031,0.398332319749239,-1.4695411,0.2199469356705158,0.22348343401042053,0.31615857647389545,0.36551289141834653,0.38181695022746187,0.32936291638555787,0.19113055384987507,0.21188369189015,0.1778259416311354,0.09948475490341574,0.1317308756266861,0.3959944922380947,0.39470494684167323,0.829093702216948,-0.241292070200153,0.1145267923016093,-0.9636709763729675,0.27463485695621387,3.4955986962584364,0.24322256119036184,2.1882701674520333,0.3343712532141503,2.087116666117058,0.08105565732260916,2.1302499330998215,0.03134697688773264,5.001467337664904,0.18312207600396202,3.289955895456378,0.03587080818715853,5.0973717101423865,0.22988169827108934,2.993158325686105,0.0628643736626186,2.592763300763602,0.1626840666341976,4.791164122143261,0.14386295278493252,12.696393083608614,0.22146228457233919,14.540347657606466,0.1494468668657864,11.611221219195171,0.15454743729690265,11.238511886752372,0.11625068361089269,9.408017231004633,0.0888219976213091,1.1091918217207122,0.1452300484610535,2.8045716819336373,0.1119777033977749,1.0766065738476502,0.07787636330492058,1.6009361003948734,0.12319282695168038,0.0026193221779966273,0.0396558503683201,0.06329639318400021,0.02215663184735997,0.020335358188799904,0.8104930904811153,0.001816675440173675,0.02577484442328114,0.028932267263372224,0.02597062776899361,0.01646609769927129,0.8305705946572207,1.0,1.0000000000000002,0.11734559999999988,-0.0029280000000002637
0.9316965666461426,1.011981481268432,0.3542018280521896,0.40106878240640975,0.1742832933213878,0.38094683072816987,0.3879056374427163,-1.46893225,0.21994722143828047,0.2234832188224655,0.3125363447546701,0.3625402839037339,0.379805196911522,0.33027776946079784,0.18740892209550747,0.21252574307363328,0.17763725594874513,0.09911980307547617,0.13010818042560987,0.40970785557694844,0.4183741236199555,0.8106186315177886,-0.24993578401417732,0.106339261171392,-0.9624053539973377,0.15657249687681207,4.067274539875229,0.12849297194788534,3.6755343969071443,0.19017452952485397,4.6774755175227645,0.027071723402843285,2.0246059968694903,0.06509331394236939,1.5911598358731227,0.09838361131814465,3.818395060612831,0.08940738654048744,1.4612648884798976,0.24375852339559295,4.128020811854504,0.07507073635598928,1.3555797261868845,0.2666358933977185,5.363333049190709,0.08576526849488687,2.3588454647950003,0.08987090648791612,4.254588657712832,0.09051737689526874,2.194255802539021,0.06777319523941604,2.5286071855000523,0.09623776156997821,2.2350529417621754,0.013791658209222065,2.140002468470171,0.1460045399842073,2.8707500800564216,0.041078910957326416,2.145287760539667,0.12709910596318139,2.478472154276725,0.038595871149119464,0.006814648112515292,0.06525645868799967,0.018771165564479775,0.0032354463772799797,0.023366607592319982,0.020756772749633473,0.023838401577094506,0.03773714215839254,0.017458461098269182,0.0031609890520716273,0.02308630776460098,0.9089006712829616,1.0,0.9999999999999991,0.08521680000000009,0.021528000000000214
0.9105463528393268,1.0177150892749207,0.3757124132330583,0.3972489913527913,0.1621105538984504,0.39656469018720303,0.3995778687105306,-1.50179565,0.21994734888786452,0.22348317346462573,0.29448711243149506,0.35984886795431226,0.36764363757584606,0.3424489833508051,0.1752128050857014,0.2032652732391837,0.1813577117632443,0.09982799624408867,0.12309578245528544,0.4025099039245372,0.35208003229444,0.8450002533148766,-0.25238877556346784,0.08607434219144527,-0.963789973794023,0.43975317232174566,14.115675920591462,0.34021916221165577,9.939277650694828,0.30530962120444155,11.820630474149807,0.27400236203361544,6.503873513987874,0.7208870635543396,15.809276630555866,0.3298198522102644,6.3618285016508125,0.8337572711527036,18.70887303429517,0.5963138859359216,10.351209267902172,0.15020038323698653,4.408058241520306,0.5102970127602162,6.398870672921018,2.4532296222571572,60.4451988797935,2.6472175345518982,65.41188555612408,2.3236713996948883,57.17309758165526,3.6090317355612163,88.19840586202459,3.5692511790659953,83.72099752204275,3.6649334058430036,87.95759128177563,4.421797472313648,103.13728607635727,1.2345626762700388,29.555288002103765,5.460828122701039,129.4883058554697,0.20117294785151973,0.35885567116227024,0.3079966458959998,9.527002160915512,13.990495969595521,31.05624532555296,0.27334197823213796,0.4346955262813698,0.23885514456374568,15.43270305577908,76.1368659864858,32.58489086851308,1.0,1.0,1.0000000000000002,-0.09611520000000007,-0.03813600000000017
0.9376544714493714,1.0445517000244269,0.38223372537516404,0.39479904563523205,0.1626113230979147,0.40235369543721394,0.41002408072507157,-1.4703939,0.2199475052677797,0.22348376366599879,0.5291485446262137,0.3667807555147898,0.36581039658407744,0.34767713348018736,0.2904446556609366,0.1975677588803396,0.18414204205721196,0.10005315380603226,0.21817491312328474,0.38648294928543675,0.3302231259291323,0.8611524934721044,-0.27965367292912907,0.07826210234392335,-0.9569058817636963,0.18733315456693792,6.94289917842237,0.16903996687174105,7.088087073560033,0.22125499511649507,5.298641156619662,0.08052532202978209,5.895014980817597,0.14605646184951857,15.151563365299026,0.14963126774842153,9.05565109716578,0.11929610354072824,18.857875694954032,0.23251039718687797,19.308057887495547,0.039576852650124145,3.3328695732214326,0.1488370499164773,14.861194683019336,0.3714805420906999,50.14378828894169,0.4763247954746864,52.62110741000499,0.3224588466393814,48.73050363077057,0.8671685410161062,73.18601957527527,2.110372819673339,136.1226583578434,1.4795006450417805,60.24430198638347,4.613304392358363,216.72725585397862,4.0458612813601205,70.49518838601297,5.522258422501229,263.552801461809,0.05631099703199992,0.007898943792844896,0.038106776113919855,0.25629240902400097,9.654948472608002,28.11579446972736,0.020247774007176277,0.0012778769064943154,0.009743452421830022,0.03513021790234182,1.5388776323162583,10.131865076832021,1.0,1.0,1.0,-0.05617199999999989,0.02647199999999983
0.9363410749165071,1.025697956137254,0.3694701066960627,0.39426965173819795,0.17024067895412073,0.38964656690068505,0.3981633766478404,-1.4834115499999998,0.21994748689023477,0.22348274250943853,0.32685819750388706,0.3763320004092131,0.37473296037578546,0.3427824367554439,0.20079974939715436,0.20252603685699272,0.18172073995281887,0.09948193174573805,0.13660668672105283,0.3693881345087534,0.39585528972285433,0.8407443105264395,-0.26992628523873036,0.088550528391578,-0.9588006072478218,0.37241957785186136,12.819092037809535,0.31186196392635,8.93127176799538,0.25730518981163236,8.973663351560294,0.11628511196193823,4.055421827477962,0.4855144834090943,14.502237194637777,0.31900166590160567,8.210407852296752,0.5894620852540068,15.608841149377396,0.6734889587335493,11.562778543950774,0.2960289758042058,7.357683326495997,0.5467894152719495,11.571115817323898,1.9888667974944918,56.50981136012794,2.142756827774911,62.50642834520398,1.900116562891866,52.87630857810859,3.6511488462958295,105.64338727934013,1.4392724646125907,18.545035160118974,5.1359347824597625,156.49038665004494,0.28139065468490543,105.37637976356054,5.481098927392017,228.4009219251859,0.11943835838121708,132.65631173782856,0.1510800936076794,0.2175493522338445,0.37628302109472045,6.247463645087997,34.87557971967265,1.0824757246944006,0.08823269144504656,0.22907987148469344,0.27080100012587976,5.20441219810598,6.3393690921215855,0.18853953893098527,0.8205371361090736,1.0,1.0,0.11521439999999988,0.01920000000000055
0.9408794318185354,1.0170546812769359,0.3602358922636612,0.39186693887161494,0.1731459032482262,0.38091626695416425,0.3868677920194572,-1.4788209,0.2199471481803072,0.2234828965557096,0.31808060100006097,0.37975281967353447,0.377641773364653,0.3414718954467556,0.1911784300271346,0.2071115400285557,0.17976918054271704,0.09905624504972471,0.13252120230093156,0.3790967341910794,0.4159580580330319,0.8265981853857695,-0.25217119930662474,0.09930397763474816,-0.9625738445782619,0.2256465726693876,5.936848471610016,0.18836705903102913,7.472615385776563,0.23199791143887527,7.745189734724409,0.1295571217957515,1.5170931362312177,0.1902147779747929,7.220030967494813,0.13154859981010739,9.044651807029334,0.17518679950269855,11.434182136918528,0.09334050181994986,16.0428427261545,0.056953565268500775,8.235538605861462,0.07686288519174769,12.11225786829367,0.5742043601088377,34.01900799163195,0.6675056369020421,35.51025702277784,0.507870739145307,33.5984241416971,0.5192115694883553,75.63230581315283,0.20361919375147433,29.693174146236352,0.060551692793513155,123.51150524991641,0.21225329170592383,10.202936129314917,0.0920311620998011,129.39288470485837,0.07044174927981314,3.7805402507093353,0.07011077779872033,0.01696706165839604,0.007310176199999925,0.5433469030080004,0.14085844809408055,0.04573713797280025,0.02260170536081739,0.0039398715941160525,0.0011043513787957725,0.2314737114160255,0.012550429742706315,0.01987760144295226,0.8227741281403643,1.0,1.0000000000000002,0.049351200000000095,-0.01108800000000043
0.9173456265175357,1.0205101694339453,0.3742365460262073,0.3777125196549487,0.13933237261143433,0.4017301902564974,0.41212827040164324,-1.49470325,0.21994745073880714,0.2234829447250058,0.3156824060116274,0.3713751225068798,0.35789340044488105,0.35821041424419797,0.19740232755000642,0.192493104182981,0.1869950497232481,0.0998003071424261,0.13233798162818217,0.38188182315403035,0.19465905562343008,0.903478901363141,-0.25771927802580863,0.24209613753562104,-0.9353984359213936,0.8228767925179565,22.970705981840382,0.6442210138019395,15.783873660834402,0.8652898392192051,20.642523547310756,0.2745047409426672,4.6112742966950595,0.6151781707960722,19.196940339890432,1.1509379874728256,26.81913895045196,0.88691918300598,24.134261683994893,1.557630255237744,36.97833231131549,0.2545385481473505,5.214368465079938,1.0290205348276404,25.90183623293955,4.24732083111006,113.45043341207469,4.34357330586099,116.87060085883424,4.299942522177636,114.18721330882039,5.7115494787478625,147.43596310893622,5.64524690292194,139.73127855523666,6.092838501729714,146.48971841950822,6.155736695075851,142.70586985464323,4.499277715387483,109.84372565446955,8.256896096624708,196.576142288598,0.9204367180723183,0.4257077548384781,1.7425476365644812,28.549485716316497,44.993989208263685,68.96912000225473,0.37319258851975123,0.307559528793586,1.8483629764151432,8.147146991870493,47.36206329948389,180.3099946065133,1.0,1.0,1.0,-0.3286992,0.10070400000000013
0.944272483946779,1.0075226099255143,0.38065314388724064,0.384455588453608,0.15928367701207305,0.4034109753895551,0.42196627662860686,-1.50476315,0.21994761010306524,0.22348357481998538,0.3740527570132453,0.39161455232664677,0.36606647285977995,0.35913627724027003,0.2078692551629509,0.18902927441007655,0.18910348190871576,0.10018052090079992,0.15605698479269117,0.32087120948672054,0.2863362020192946,0.9028029941995622,-0.27838852662401486,0.09825780680205468,-0.9554293441414494,0.4123925365951201,23.359893724493354,0.6730255504451528,28.623834067230614,0.8580502934630347,37.03191427059418,0.5797451793331302,20.300030334665916,0.20984122866586338,10.209206443867483,0.9614459071211465,50.57073991175407,0.29867635417622374,23.502719787468273,1.4344147638503992,71.78048272957363,0.20938457109334058,7.793014013324837,0.940649610543184,47.13439985228498,2.250405246102808,148.54691340468443,2.387379094003666,151.06237235163746,2.1689171906462827,150.5634899353069,2.4913833487777515,183.84428190746863,2.788668959586734,191.7910202479084,2.187514331420538,183.74053009510695,3.527098127714532,218.76073448160906,3.4716854797185985,142.49982419562562,3.369582783775677,261.91784972538954,0.6796406509516792,0.06652473157797162,1.4711837022835201,8.218258031810887,11.52240500541312,15.785591952703678,0.09126427839811921,0.011423410913816379,1.2101010006908177,0.4978828433268183,0.21729915966537627,0.2995342835131977,0.8401180887591051,1.0,0.9999999999999993,0.07273440000000003,-0.10663200000000006
0.9533932064652022,1.0284139691867542,0.38024700701939007,0.3879734378203745,0.15554611674656516,0.4001537784613962,0.4228022286725083,-1.476773675,0.21994743309709253,0.22348336088884582,0.5325011815930553,0.3976476362472182,0.3691752196125846,0.3586582548680568,0.2871383732297027,0.18889398850678124,0.18918061869282488,0.10023716982086885,0.21939389349039043,0.3058379712650289,0.2971158827495416,0.9045359514969276,-0.2716101726400879,0.07712176317243308,-0.9593123306637921,0.0831860695414773,10.300965662637893,0.11205354291587749,15.284264508856946,0.06611010742692724,19.727735433437662,0.028470161221883308,14.441673123041193,0.10760590764451518,7.486129228460804,0.056904931245016145,21.736946548482525,0.20125004053664197,11.271332324231471,0.12366571456956131,31.864718059118804,0.16064494089710274,5.104691507747391,0.12358362087202096,21.261103561397086,0.3365286315783545,46.32353683891417,0.35995971054550013,49.113582387351975,0.3207589755314722,44.67879957976819,0.2678390161272238,54.63675330674695,2.2572447579613524,66.6025586766311,0.3372648342596068,58.7205288878125,4.272715459774031,103.41858290525394,0.5299287078523675,73.70284591508872,5.624007063804491,132.74508372684943,0.011923232474879877,0.03315418792591683,0.015283060153919812,0.1802630180159998,0.23315487119711953,27.490353375629418,0.0018090587906675886,0.01413869378418262,0.0016931760158828812,0.02913667509408568,0.010792580609938842,0.7329312629342322,0.8230576703838148,1.0,0.9999999999999994,0.04842240000000003,0.022056000000000076
0.9582617254010565,1.0330218098219786,0.3798218747236953,0.39085939328342867,0.15291364554251688,0.399314175116164,0.42200971944685106,-1.478208095,0.21994720939434537,0.22348264121080233,0.5297657798879142,0.39645064478444225,0.3704044479889516,0.35689394694782933,0.29690386632881693,0.18923881221884695,0.18897081128311854,0.10022955867788841,0.21843264932024645,0.3021188522366496,0.30168776353782817,0.9042724658280562,-0.2650155484258349,0.07527176137975332,-0.9613016805516067,0.06041051551377396,1.7532621167738438,0.04587800728017648,2.744669253149516,0.044824296982775014,2.3596355146335255,0.024658782451695286,0.645712442252751,0.03657996828866861,1.9541561264463805,0.03885425073270642,1.7346951258869896,0.06558281823770576,3.6399022393202,0.08269997784764019,4.911838944590966,0.03611671814671926,3.068683195776698,0.06658233802563512,3.6487453216217394,0.057355852569724454,6.776413194674601,0.05491104544624849,7.541502362198147,0.06419533440990974,6.224138863972719,0.10217623645447152,4.228721407850792,0.33257441171563273,46.35999178149372,0.14635611719364533,4.917979174193499,0.10408430890388772,101.58003101589985,0.13055482394886847,11.75440228474706,0.3789075836462924,126.46164038327632,0.003881719768319931,0.0028027616888447555,0.005636247036480057,0.006636852288000047,0.024452329196160083,0.1325051198163356,0.004454864478301486,0.002484386890627294,0.010405282046559638,0.0060516534619223785,0.014038021079653904,0.014062922263731964,0.8534395810651052,1.0,1.0000000000000004,0.023740799999999895,0.0032639999999999336
0.9624652186232446,1.0355732290407829,0.3804936838911554,0.3911681403061348,0.14830850081577424,0.3992077047514271,0.42023802097798096,-1.48063587,0.21994706649100826,0.2234824953554387,0.5246533602018479,0.3960408219072878,0.37092269413720164,0.3561855380851389,0.3045470379596557,0.189181857547176,0.18900860178838422,0.10021918373644637,0.21645942112024794,0.29441813925736476,0.30670027179438664,0.9051259042572366,-0.25853247989064826,0.07466355458629408,-0.9631128233276365,0.027465910903518926,1.3452252557614368,0.044338439485392095,1.4953962863133203,0.032511009827441845,1.6734564588539564,0.035459275119494066,1.3763899354470885,0.04317044989341623,1.2541599460100628,0.04851043599061892,1.501667902907984,0.04968480556467867,1.1145451161795776,0.05458731281167992,2.1068354921181123,0.09971187883176162,1.7699533471173947,0.048912042924416234,2.2699068599188195,0.054173704617647,1.3992191241231353,0.05332448953342198,1.371971787091896,0.06290719106747719,1.4374616347437583,0.0774247960281466,1.4196563223991954,0.24512569040392312,2.719779169953337,0.06000061554884254,2.94752881455376,0.12189677495323632,3.5850220565547204,0.06355801874822738,1.7258567274683734,0.14926420832711365,6.207581902676426,0.0018886196188799185,0.006205519342079918,0.0026860813315200656,0.006976278144000039,0.006817147326720067,0.04861261586375995,0.0035973323126863976,0.021616337541374465,0.0031275016587092273,0.012560691907258649,0.010030377924136944,0.041119678740082016,0.8459739598737197,1.0,0.9999999999999994,0.02244240000000003,0.000984000000000318
0.9649376430819402,1.0372556232356438,0.3823521565768978,0.3944774287944115,0.14472851339605342,0.3993373539906556,0.42084113872326,-1.48255822,0.21994706356105329,0.22348326112191041,0.5185226327104729,0.3928259448992645,0.37057375927607183,0.3550903073219544,0.3086296882900282,0.18900263145522597,0.18912802449663568,0.1002109752173704,0.21403494224303585,0.28551621346938433,0.30885399585370854,0.9072429118440674,-0.2510633590325436,0.07532597007090655,-0.9650353299150104,0.017249660866231673,0.42877850100137177,0.04410554903864294,0.6490679200207142,0.026712431263365265,0.7116621609275379,0.03332884588460851,0.7815133528225182,0.0521777331818844,0.7004768657764285,0.03960876266686433,0.8894491958510216,0.08268047372868573,1.2633869030569402,0.11353762569298369,2.595622173109225,0.10548075624466464,1.1834526875086018,0.13165409035255976,3.345255217668328,0.016981166037703062,1.3604796880160082,0.02691282995153002,1.3269862447757104,0.02591409932835824,1.4060462036903376,0.0725177345481782,0.6730670294346413,0.12638435776630014,2.8515614025498226,0.02463441522423373,1.0424466411741922,0.13282774143980644,0.40645116654280705,0.06779283547278409,1.1170954751360933,0.09392536791982026,1.5151105036423311,0.0014782021200000777,0.008981125336973126,0.01511179597728002,0.002987785439999967,0.005230772389439984,0.021219094761436914,0.004917061560206856,0.01948179766929472,0.025219052870765285,0.007773159351379786,0.013054344307760238,0.1832791406847959,0.8260789598409768,1.0,0.9999999999999999,0.017196000000000045,0.0010079999999996758
0.9663007149516397,1.039712909862935,0.38320791034750634,0.39526177244676725,0.14894924059882414,0.3998234172695122,0.42699249460799654,-1.4837304599999999,0.2199473285522013,0.22348377459326055,0.5177567486229031,0.3965019227216937,0.37070863314063773,0.35640611340576067,0.3142868399583413,0.1889152855858942,0.18917840710821096,0.10020841598783321,0.21373829689038457,0.2781064894635135,0.3073720551015865,0.9100435155864294,-0.24124028039157025,0.0788976479227047,-0.9672529598139576,0.11505244800524915,2.780080946389988,0.08635836663578024,2.8693337524659115,0.10456380528653274,3.112390030057285,0.06391407732260608,2.31085119760491,0.05626584896720063,2.0242733096100793,0.09868899221290936,2.7480259760518417,0.06751193174543277,0.47521570883126163,0.2228143933591358,7.717370460291238,0.06798854499506009,1.302676494737204,0.2987855121403286,9.39547883575318,0.05426956716245191,1.4177503746879825,0.05381346983795021,1.0482930985559267,0.06934952723703498,1.848367665867429,0.04054031948566986,1.7926794986009693,0.1111585695481917,1.936242741542544,0.03469563849477336,1.3867947834788328,0.09647621783631455,2.5880970295010415,0.09050231871151114,0.8438036581388696,0.1276184673146892,1.9769290826510897,0.015814211328000167,0.004590151589272642,0.06945951807647907,0.011777897663999814,0.005518987263360061,0.018975180695875293,0.08622578844358557,0.017582767329082354,0.06598327393243136,0.03376461335460066,0.020425471067875917,0.021312722551222567,0.7826902594055998,1.0,0.9999999999999988,0.01070399999999988,-0.0025679999999999037
0.9672436299697454,1.040791428124001,0.3830224042427413,0.3943179385623865,0.1507669039847937,0.4000338905355893,0.42707165927047874,-1.48455724,0.21994682495805665,0.22348296763824596,0.5147141827588978,0.399338655280202,0.3716917038218637,0.3566432006039089,0.3164428758875763,0.1889769410377892,0.18915318876772855,0.10021960436816153,0.21253475497023047,0.27434980467833603,0.30617921310461516,0.911584595161413,-0.23679855213576642,0.07938127252802617,-0.9683104147318854,0.025801208790287924,2.1461808455984412,0.017104609904933715,1.753241153356774,0.02016315689568629,2.059530267221125,0.015454676962006355,1.2658866940006732,0.026613500333479468,1.0814037597123007,0.022518216625656565,1.8743080712924165,0.0659948332523091,1.0088266324795288,0.053523901203108334,4.067078366961671,0.025084304936560275,1.126546814274695,0.05826244414234501,6.155290879848089,0.01522602824114004,1.0063638195086018,0.014334832541751063,1.0788310858257286,0.017028452425279915,1.2876571147072113,0.03828243753994803,1.4269469709334666,0.08666850943681863,1.0586425583283954,0.049858805415294076,1.73308874777144,0.053051754353649644,1.1906478709677502,0.052845260419454504,1.2650764041841767,0.06633969978336669,1.6040737716717093,0.0006824114755200245,0.002492270185075213,0.003129660198719987,0.0009713180160000841,0.0033720335251200724,0.0073634374676735635,0.003097361513177163,0.005359309080455914,0.008434362211811966,0.0023429968935430143,0.00734769907044449,0.016352608086375144,0.7593742374535704,1.0,1.000000000000001,0.004375200000000079,0.0027840000000001197
0.968239622669151,1.0407087013189382,0.3800535076492005,0.3905987401022364,0.16257599142834128,0.40029264086489635,0.4268625248984295,-1.484565515,0.219946752789715,0.22348374254193729,0.5128066884314595,0.40654748057268786,0.37270019904073026,0.3589907214859459,0.3185425177978601,0.1880802448025843,0.18971927151979046,0.10021245773570787,0.2117752035080219,0.2579936076376773,0.3090438098490301,0.9153858323199529,-0.22845083862105992,0.08044733964375565,-0.9702259736152071,0.038049667591714416,0.6004776545565593,0.0620659350046391,1.487823609674281,0.032038876384791345,1.011451571744247,0.015842436176298096,0.4878706399036788,0.044403048543990596,0.6834234538556748,0.033405594741001444,0.5790232658537483,0.07608304725758497,2.413890653868148,0.2065832395912121,3.7577369897958754,0.1986989127549269,4.952785112741266,0.2170546547544342,4.190962903595166,0.01810761431000829,0.5274744963086149,0.041506548109907025,0.9277759862036193,0.019715032234311952,0.5798146007682328,0.038831710752939924,0.669064601436968,0.061459309465695146,0.8249482376197768,0.006424641761218648,1.22105926852758,0.08564145015119748,1.156578597235828,0.03314494582285486,0.47478406815393315,0.06567926567901335,2.0759370510292334,0.003163223545919994,0.02263494400499498,0.044894679015283386,0.002763463104000006,0.0013238826076799844,0.007712735322067274,0.01526212747070843,0.07135820223836147,0.1623553824883421,0.01514789413041614,0.022578092327024173,0.019820693849412385,0.7222786238014662,1.0,1.0000000000000004,0.022672799999999993,0.0023279999999996637
0.9693399869770822,1.0413732168500354,0.37846106105020055,0.38859063721825565,0.164204531453604,0.39951439452703774,0.4263113573372868,-1.485637665,0.21994691859157744,0.22348319058705715,0.5111370046807411,0.4099284831552938,0.37175647250989463,0.3617243155180476,0.31909805816551134,0.18768706344338157,0.1899766492940646,0.1002259468164392,0.2110905476318816,0.24714132797735505,0.30692453389546037,0.9190856839809027,-0.22147814696781767,0.0819840498892872,-0.9717129442275906,0.035551209721190656,0.6318601858513234,0.0327391845958344,0.8373671194881701,0.01036847221146885,0.6592905662057971,0.020178805514695905,0.5690008354299939,0.05128869629850125,0.5698747921429376,0.01565826657072891,0.6462979246137527,0.08085306495118141,3.478612741976285,0.15597856283476855,4.2268194386758395,0.04785681669172692,5.74117235134904,0.08827598913139778,3.898459771924081,0.03795110369936611,0.5344426483580669,0.04974673778249227,0.19796391816692277,0.02693928105944909,0.8784457011062121,0.027320329134181535,1.4484558515163741,0.03648509964355282,1.2280933267988914,0.019777203458527664,0.5803634456392279,0.047261777198916485,1.827154530292396,0.031185941417246957,0.5573001968432602,0.08139611927456973,3.1820889956477214,0.0012216239683201016,0.004413746507932756,0.01606098116056325,0.003758230367999989,0.001055050551359983,0.005095083156479991,0.004004026281431655,0.005876896785846288,0.008155023557478394,0.3210764898207332,0.006049132697005644,0.007675914677601482,0.6868523376309273,1.0,0.9999999999999987,0.020080800000000065,0.018096000000000112
0.9703485063063477,1.0428268581262836,0.37923008463461133,0.38602620122984516,0.16156103809583083,0.4010789738359573,0.4230644704275046,-1.485812295,0.2199465162270137,0.22348354232814593,0.5145998459617337,0.41443529936167356,0.3726722656235636,0.3630013174218517,0.32493487382397107,0.18651276327640431,0.1907456285580354,0.10028435256561107,0.21245491016197005,0.22215793601570508,0.29102020691518743,0.9305660055215232,-0.20607415181226063,0.08581372525060348,-0.9747663558584033,0.10885608108764687,2.247528957667648,0.014803253696397822,0.938340065605252,0.10696141958669035,2.331204574436132,0.022639074186017436,0.5308257997648184,0.07248572957486149,0.5962156495765167,0.06975563564329396,1.3066915154970529,0.18686957453796466,4.752489819119227,0.11181565743669376,2.185815270218399,0.18395122489035698,3.334630143001214,0.1891343836411922,4.397358423438668,0.03291052014174296,0.913625882085306,0.04444479902080744,0.9787109555246507,0.02731075568343051,0.9229362512676633,0.06377143686635647,1.6296407153675774,0.11571024500881476,1.9499935340200278,0.020633153841329778,0.4311674537624405,0.13024828524015247,3.8772853320972094,0.041963154466746366,0.28186105499554204,0.1331040105410023,4.389233370896138,0.011754763994880147,0.03437914551333131,0.02413727816166686,0.006962174783999999,0.0031267147651198434,0.02403507711504966,0.16848056254789454,0.11792004801054415,0.023503480071832845,0.0947246612792327,0.025615487692331046,0.08371021469979197,0.6528877934360626,1.0,0.9999999999998312,-0.019497600000000115,0.005231999999999903
0.9710318542175895,1.0434395343524547,0.3800800196902385,0.38538107887883244,0.15997504306617824,0.40249257599462385,0.4222137527865062,-1.4866945,0.21994702223385523,0.22348300698529092,0.514270354211372,0.414970532765882,0.3723379949790245,0.36369398307505724,0.3288334153549484,0.18603918763798127,0.19106228102375425,0.10027881648188394,0.21229454018834196,0.21638111106468785,0.29299247396032524,0.9313080183145743,-0.2047598122701164,0.08700679889930914,-0.9749375550384763,0.00663886549344108,2.6992364238425326,0.024390471582156844,0.7252745805224113,0.01919431415810568,2.4993958831301786,0.00987170501990599,0.7373024996567299,0.010386039861274735,1.7732094279559873,0.012069518631659119,1.5407590873073036,0.045296368066325164,5.544227313365857,0.03149981485659826,2.3395988392132514,0.06609304504461862,5.049081846861742,0.03474620823781489,4.764200335714074,0.015664353417872545,0.6819424041369372,0.020963240970803904,0.7186349684339037,0.011438461435000543,0.7620299317586073,0.022880409786542644,1.0510971040050494,0.08953421870994323,1.0000962452244282,0.011316941636325397,0.7484289396931506,0.0277352581383335,2.78403973709573,0.021131467931972996,0.8307241339558268,0.021547548456972997,3.5039713767066845,0.0005036956675200297,0.0032100257816349937,0.001099768661452782,0.0005346054719999778,0.0005490626284800574,0.004624958854252771,0.0018579071522088926,0.002854776190255512,0.000719380489385369,0.001439391698359065,0.001974202796227753,0.009657994453833828,0.6492505245064583,1.0,0.9999999999998958,0.005224800000000029,-0.0036479999999996515
0.9707370982378545,1.0439118921052408,0.3808430612153646,0.38521254480093203,0.15187256096201188,0.40107813445507084,0.419629709913395,-1.486435075,0.21994774711430898,0.22348287062820743,0.514716391381788,0.4135930297405893,0.37158268111686804,0.36381784748964696,0.33156404751571006,0.18732343314438796,0.19020725111309508,0.10028205786814452,0.21243203394779514,0.21793859590181658,0.29592883145184073,0.930015534887398,-0.19366729808772054,0.08629314463588515,-0.9772647905456597,0.068388669419429,1.6287640761649806,0.08326035503167008,2.350751339404468,0.0738603850517988,2.187104690827616,0.027845999353586302,0.6451973953573661,0.06448724525051519,1.4439709983126578,0.042483396474389694,0.8508083501988766,0.12118166594002613,3.782522839020561,0.014394578979601173,0.6217174943782691,0.15689762850325456,4.3505366285369655,0.11193518507996596,2.1099565166348664,0.025971448939170506,0.727801015794821,0.025764489049851486,0.4438060376335119,0.04301939581165696,1.1095823359516894,0.03989098905768065,0.7935768796632132,0.06933890751951689,1.1982014246160755,0.029092852664529042,0.8391317395704609,0.026150662553748524,0.5094465205612866,0.054573942969149636,1.7619722624780676,0.06341672256840804,1.2882504839450801,0.008532326652479837,0.019650930994972685,0.006368344781443104,0.004576218624000073,0.0027080001676799944,0.004756710974659287,0.06780559268824576,0.035817451332067304,0.0239908804152232,0.037992202969694605,0.01807573315928139,0.015063094190976765,0.6775867704643543,1.0,1.0000000000000029,0.028293600000000085,0.012527999999999873
0.9698833938481523,1.0438000371012557,0.3825091306153226,0.3873930672584114,0.15175892354051573,0.4011108259536881,0.4229348458607733,-1.486990955,0.21994675212591805,0.22348331923810913,0.5108871699172822,0.41336979234699767,0.3701806088681576,0.36520492238878705,0.33063961934559505,0.18760801935151922,0.19003362197253418,0.10027541866539116,0.2108809034234148,0.21296355159387448,0.30064480724434667,0.9296554337869128,-0.18527155772336884,0.08531809217419664,-0.9789766458126118,0.03621313555272579,1.0201847931541448,0.03760916398964512,1.509701274313501,0.01891323346231473,1.3629742325722647,0.01590685889796888,0.6809501623349381,0.04444595891641874,0.7609334979405459,0.03364954917974376,0.723942409731718,0.052149768935250654,2.1799730392755023,0.0421507375024446,0.9333661897454908,0.15875377402758128,2.947178975192673,0.18436569628568533,7.074044328678041,0.03239680873172549,0.7222879232660193,0.01863231773022392,0.7541236967606049,0.051584470221182024,0.6966366985682064,0.014109979447185048,0.9246235402584521,0.018605108975761394,1.8280793591176785,0.017757113278909196,0.8692822389015914,0.08146191139422154,2.0506551348717896,0.026484395284770364,1.0732542696307397,0.11758822365289476,4.090741439486237,0.0015417754012800665,0.013961179584000187,0.017883697319452777,0.0035827047360000065,0.0006079148927999823,0.01040459171492158,0.0030185515566060746,0.010694552243301937,0.06598775824831615,0.011501735631981973,0.001330605211564309,0.024551955814200773,0.5869096348132671,1.0,1.0000000000000024,0.022658399999999912,0.0010079999999996758
0.9694402691468825,1.0447223028499528,0.38238765052952484,0.38856331349973344,0.15310772162211841,0.3999564267460769,0.42398280363646856,-1.487543765,0.2199472047951053,0.2234825560508222,0.5115389107627689,0.41533711628507275,0.37063416348199746,0.3656696506958159,0.3317530175582432,0.1879980597373281,0.18977643190343746,0.10026391599421502,0.21108513380629068,0.21557264904995777,0.3052905309518342,0.9275376675330931,-0.18342517540468994,0.0856673580901785,-0.9792937806325576,0.021145484079582742,0.4804065456579997,0.03197701674640808,0.7702595400928111,0.03016195643521876,0.31772913928689067,0.015016407026983262,0.5043448237544689,0.022284733428967255,1.0869091001551234,0.018629164232460797,0.4977776536888812,0.050347000705105734,2.1451948288582123,0.012904257901948777,0.8408465676923244,0.02306420178891963,3.806999244827182,0.046253539221989076,3.477407433985551,0.02130440405174337,0.34845714966405544,0.020758390689068904,0.05784428199913233,0.024470927730676786,0.7086450539444884,0.022626972930555884,0.6658881376328166,0.016636795845355337,0.5338575450436215,0.040846120920352585,1.0053471213422345,0.03916795588232805,1.9836361225023245,0.02918334798613645,0.7703499391285836,0.07826036328220316,3.05246208867839,0.0011897023564799922,0.0015333889420799604,0.0011529548812800445,0.0011636349120000477,0.001516026648960054,0.003967798102531221,0.009440862804428032,0.002512490603717234,0.001267826708417802,0.021115894369775248,0.006906690103927605,0.003653531498809033,0.5753785341460013,1.0,0.9999999999999982,0.004593600000000031,-0.010463999999999807
0.9699437246001492,1.0448313335180468,0.3831732621048081,0.3917223376974616,0.151202413164804,0.3972668474169975,0.4291353949668056,-1.4885538999999999,0.21994718581059403,0.2234828303845734,0.5093142749438798,0.4157271396300703,0.370601682086037,0.3656065133145196,0.3329241213760276,0.1880091301719148,0.18978373886084132,0.10024384883900538,0.21018120743565438,0.2132483862917489,0.31027339185629804,0.9264208266495055,-0.17985348871585585,0.08634227008183461,-0.9798967981342991,0.06010353307418795,0.9619364796673058,0.047683965606900386,0.8918459315195834,0.049714422856953384,0.6184555748378635,0.025443418638227976,0.7516943446908314,0.024708113647140494,0.7821013182037685,0.03884453197040547,0.7581735520155938,0.08719871155011323,2.0975266784439133,0.09980635971720468,2.1283970064553324,0.1435784294105483,3.3545247319927824,0.19037647840787003,3.8003954602132204,0.01653096585199955,0.8277995778302252,0.020201129473374272,0.9146301442660203,0.021466896561914774,0.758101125919191,0.03416326448101808,0.6936118720091952,0.01986933315438742,0.8280392171582752,0.035387446913278005,1.0380156073739886,0.10413687669601057,2.071070777521643,0.040113356538689075,1.3724275282783787,0.12748775396113313,1.2679021857419737,0.004178859552000016,0.014109190343999826,0.02310225648549113,0.0016307873279999088,0.0020142407059200247,0.013746203449027283,0.03905362983687612,0.04495854671819426,0.11719643281893968,0.008028701019116012,0.006384398291127398,0.06136908627764696,0.5465280608778376,1.0,1.000000000000002,0.02227199999999996,0.0031439999999998136
0.9687390049550446,1.0465603482955057,0.38404565278348096,0.3885769294078586,0.14274000718176388,0.4000452306415363,0.4227530077140669,-1.4882967500000002,0.21994622229320057,0.22348294405303057,0.5126809608518342,0.41992572992137556,0.37209541479169034,0.3663449390192255,0.33616388707593203,0.1888975376493828,0.18922034571895285,0.10024175618413594,0.21149456775711667,0.22066244319038342,0.30793219668819916,0.9254652064816002,-0.17626571982181893,0.09122940252265123,-0.9801059086298052,0.12296904900730304,1.5364922390065954,0.13614230319779444,2.223084517648398,0.158819460973773,2.6186394892493245,0.11212304013002485,2.175524244461418,0.10208322910253229,1.9644171561865444,0.12869029389973524,2.407929747812475,0.08239609660657661,1.8768365827637163,0.20049776968335328,6.561176532933653,0.19104460434150056,3.9637906535073513,0.14465816274921417,7.709801676917155,0.13567872900348066,3.0015281519759105,0.1304250736630046,2.7319376393000288,0.14367621598580732,3.2990569832823953,0.09812715147195454,1.8047800747835823,0.1287989957724825,2.8061545985294445,0.07318375393487281,1.6126915890421027,0.13456828464389398,5.227954838721565,0.08082752980513505,1.604345534692572,0.14170864474067923,5.498336795027165,0.029439867458880248,0.0216435787920004,0.030562669848988557,0.041522224896000395,0.010758944635199958,0.027389572269120036,1.9320022804542945,0.016590200959262766,0.029602488955600404,0.2358993874936411,0.0334247766114834,0.0626195983458313,0.5820411414914493,1.0,1.000000000000029,0.05471760000000003,0.057072000000000456
0.9684424731636361,1.0463211149044112,0.38248945774260495,0.3852208322105647,0.13560656419617784,0.4016168416522546,0.41740646422042876,-1.4885160499999999,0.21994748777674192,0.22348296651783106,0.5118995913086862,0.42540506667880673,0.3741700269610061,0.3670249863428918,0.3356303915529701,0.18936464374322895,0.18893013919700571,0.10025185074688345,0.21110845277109902,0.2185679725675553,0.30740882597320585,0.9261359808804989,-0.1710602008565226,0.09076468147180682,-0.9810709353967467,0.07747166263867307,4.015537248423356,0.07774138295656909,4.335220789261861,0.07693940722412347,5.018188230825862,0.07940834051911431,3.9318660358866073,0.08751064812924078,3.1744104161119133,0.08077863796821741,4.806547438484374,0.11705671240898444,2.480675791692208,0.11133945327690445,4.958574811710217,0.12544814531332718,3.5775289767114,0.1925849211891712,3.3517470505564755,0.06977572712627206,3.8295521900838523,0.06527074346137175,3.3329305660454964,0.07512230795176705,4.376039823029089,0.05553098508040322,3.4938362921144224,0.07379132046521611,3.7637063120621166,0.05961559304208921,3.1567545345721446,0.0735797298173889,4.822005630483646,0.06747846833116494,3.530805177934802,0.07060917878009904,4.911870876610075,0.008982626759999904,0.01471975554127667,0.024742712862719635,0.014477792544000218,0.005595526463039994,0.007922395872000079,0.0059915838298311725,0.01244904206059384,0.017424396390508048,0.011411747483398873,0.018780598804669278,0.007671407231084898,0.5723384489613909,1.0,0.9999999999999987,0.04263600000000001,0.04288799999999959
